geolocation_zip_code_prefix,geolocation_lat,geolocation_lng,geolocation_city,geolocation_state
01001,-23.550520,-46.633308,sao paulo,SP
01010,-23.548900,-46.638800,sao paulo,SP
20010,-22.906847,-43.172897,rio de janeiro,RJ
20020,-22.903500,-43.209600,rio de janeiro,RJ
30110,-19.916681,-43.934493,belo horizonte,MG
40020,-12.977749,-38.501629,salvador,BA
80010,-25.428954,-49.267137,curitiba,PR
80020,-25.437200,-49.269700,curitiba,PR

